"file","line","owner_or_function","dependency","category","current_role","c2x_action","target_boundary","result_status","baseline_revision"
"src/EterBase/StdAfx.h","7","EterBase precompiled include","windows.h; mmsystem.h","D - Time / Sleep","Win32 types and multimedia timer leak through a shared base header","remove umbrella leakage; include Windows headers only in implementation files","PlatformTime / Windows","deferred","9aa71a2674e271becd586743ab02019a68900348"
"src/EterLib/StdAfx.h","22","EterLib precompiled include","dinput.h; mmsystem.h; process.h; direct.h; winsock.h","B - Input","DirectInput, timer, thread, path and Winsock declarations leak into nearly all EterLib translation units","replace consumers with neutral interfaces and confine headers to Windows implementations","PlatformInput / PlatformTime / PlatformFilesystem / PlatformNetworking / Windows","partial","9aa71a2674e271becd586743ab02019a68900348"
"src/UserInterface/StdAfx.h","25","UserInterface precompiled include","dshow.h","J - bewusst Windows-only Feature","DirectShow types leak through the whole executable PCH","move include into the Windows-only video implementation","UserInterface/Windows/Video","implemented","9aa71a2674e271becd586743ab02019a68900348"
"src/EterImageLib/StdAfx.h","17","EterImageLib precompiled include","windows.h","C - Filesystem / Paths","Windows scalar and HRESULT definitions leak through the image library PCH","use fixed-width or local result types; keep Win32 only at file/screenshot boundary","PlatformFilesystem / Windows","deferred","9aa71a2674e271becd586743ab02019a68900348"
"src/EterLocale/StdAfx.h","8","EterLocale precompiled include","windows.h","H - Cursor / Clipboard / Shell","locale library receives broad Win32 declarations from its PCH","remove broad include and include narrow APIs only in Windows locale/IME code","Platform/Windows","deferred","9aa71a2674e271becd586743ab02019a68900348"
"src/Renderer/DrawStateTypes.h","2","renderer draw-state types","windows.h","Include Boundary","otherwise fixed-width renderer vocabulary carried an unnecessary Windows umbrella include","remove the unnecessary Windows include; keep the already fixed-width vocabulary unchanged","neutral Renderer header","implemented","9aa71a2674e271becd586743ab02019a68900348"
"src/EterGrnLib/Material.h","4","CGrannyMaterial","windows.h; DWORD","J - bewusst Windows-only Feature","Granny material header uses Windows scalar aliases","retain Granny behavior but use neutral fixed-width aliases outside Windows code","Granny adapter boundary","deferred","9aa71a2674e271becd586743ab02019a68900348"
"src/EterImageLib/DDSImageData.h","2","DDS image decoder","Windows.h; HRESULT","J - bewusst Windows-only Feature","image-decoder public result is a Win32 HRESULT","keep D3D11-specific result behind renderer/image adapter or use neutral result","Renderer image adapter","deferred","9aa71a2674e271becd586743ab02019a68900348"
"src/EterImageLib/Image.h","4","CImage","windows.h; DWORD","C - Filesystem / Paths","generic image header imports Win32 for scalar aliases","use fixed-width types in the neutral header","EterImageLib neutral core","deferred","9aa71a2674e271becd586743ab02019a68900348"
"src/EterBase/CRC32.h","4","CRC/file checksum API","windows.h; HANDLE; DWORD","I - Debug / Diagnostics","public checksum header accepts a native file handle","keep handle overload in Windows implementation; expose path/bytes API to core","PlatformFilesystem / Windows","implemented","9aa71a2674e271becd586743ab02019a68900348"
"src/EterBase/Debug.h","4","debug/log API","windows.h; HWND","I - Debug / Diagnostics","core debug header exposes optional HWND for message boxes","use opaque native handle or Windows-only overload","Platform diagnostics / Windows","implemented","9aa71a2674e271becd586743ab02019a68900348"
"src/EterBase/FileBase.h","4","CFileBase","windows.h; HANDLE","C - Filesystem / Paths","generic file class stores a Win32 file handle in its public class definition","hide implementation handle or route through PlatformFilesystem","PlatformFilesystem / Windows","implemented","9aa71a2674e271becd586743ab02019a68900348"
"src/EterBase/FileDir.h","4","CFileDir","windows.h; HANDLE; WIN32_FIND_DATA","C - Filesystem / Paths","directory iterator stores Win32 enumeration state","move native enumeration into a Windows implementation/Pimpl","PlatformFilesystem / Windows","implemented","9aa71a2674e271becd586743ab02019a68900348"
"src/EterBase/FileLoader.h","5","CDiskFileLoader","windows.h; DWORD","C - Filesystem / Paths","disk loader header depends on Windows scalar types","use fixed-width sizes while preserving the documented INT_MAX legacy limit","PlatformFilesystem","deferred","9aa71a2674e271becd586743ab02019a68900348"
"src/EterBase/Timer.h","3","ELTimer / CTimer","windows.h; DWORD","D - Time / Sleep","widely included timer header exposes Win32 types","expose neutral duration/tick types; implement clock on Windows","PlatformTime / Windows","implemented","9aa71a2674e271becd586743ab02019a68900348"
"src/EterBase/Utils.h","4","filesystem/process helpers","windows.h; FreeLibrary macro","C - Filesystem / Paths","unrelated helpers expose Win32 types and a dynamic-library macro","split path/time/library operations into platform services","PlatformFilesystem / PlatformDynamicLibrary","partial","9aa71a2674e271becd586743ab02019a68900348"
"src/EterBase/lzo.h","5","LZO wrapper","windows.h; DWORD","C - Filesystem / Paths","compression header uses Windows scalar aliases","use fixed-width serialized sizes without changing pack format","Pack/serialization neutral boundary","deferred","9aa71a2674e271becd586743ab02019a68900348"
"src/EterLib/MSWindow.h","13","CMSWindow::Create","HWND ecosystem; DWORD styles; HICON","A - Window / Event Loop","game-facing base class owns Win32 create/style vocabulary","adapt legacy CMSWindow to PlatformWindow without changing styles or behavior","PlatformWindow / Win32Window","implemented","9aa71a2674e271becd586743ab02019a68900348"
"src/EterLib/MSWindow.h","38","CMSWindow::GetWindowHandle / GetInstance","HWND; HINSTANCE","A - Window / Event Loop","native handles are public to all callers","return opaque NativeWindowHandle and expose HINSTANCE only in Windows interop","Platform NativeTypes","implemented","9aa71a2674e271becd586743ab02019a68900348"
"src/EterLib/MSWindow.h","41","CMSWindow::WindowProcedure / OnSize","LRESULT; HWND; WPARAM; LPARAM","A - Window / Event Loop","game application override is a Win32 WndProc contract","translate native messages at Win32 boundary; preserve callback behavior","PlatformWindow / Windows","implemented","9aa71a2674e271becd586743ab02019a68900348"
"src/EterLib/MSWindow.cpp","10","MSWindowProcedure","GetWindowLongPtr; DefWindowProc","A - Window / Event Loop","global Win32 thunk routes MSG values to CMSWindow","move unchanged thunk into Win32Window implementation","PlatformWindow / Windows","implemented","9aa71a2674e271becd586743ab02019a68900348"
"src/EterLib/MSWindow.cpp","51","CMSWindow::Destroy","IsWindow; DestroyWindow","A - Window / Event Loop","legacy class directly destroys HWND","delegate destroy and validity checks to PlatformWindow","PlatformWindow / Windows","implemented","9aa71a2674e271becd586743ab02019a68900348"
"src/EterLib/MSWindow.cpp","63","CMSWindow::Create","RegisterClassW; CreateWindowW; SetWindowLongPtrW","A - Window / Event Loop","legacy class directly registers and creates the main window","delegate create while preserving title conversion, style and userdata thunk","PlatformWindow / Windows","implemented","9aa71a2674e271becd586743ab02019a68900348"
"src/EterLib/MSWindow.cpp","94","CMSWindow visibility methods","ShowWindow","A - Window / Event Loop","show/hide state and Win32 call are coupled","delegate visibility; retain cached state semantics","PlatformWindow / Windows","implemented","9aa71a2674e271becd586743ab02019a68900348"
"src/EterLib/MSWindow.cpp","140","CMSWindow screen/rect methods","GetSystemMetrics; GetWindowRect; GetClientRect","A - Window / Event Loop","geometry queries directly use Win32","provide neutral size/rect query and keep screen metrics in Windows backend","PlatformWindow / Windows","implemented","9aa71a2674e271becd586743ab02019a68900348"
"src/EterLib/MSWindow.cpp","161","CMSWindow::GetMousePosition","GetCursorPos; ScreenToClient","H - Cursor / Clipboard / Shell","cursor conversion is embedded in window class","route through platform window/cursor service","PlatformWindow / PlatformCursor","implemented","9aa71a2674e271becd586743ab02019a68900348"
"src/EterLib/MSWindow.cpp","167","CMSWindow position/size methods","SetWindowPos; AdjustWindowRectEx; MoveWindow","A - Window / Event Loop","move/resize operations are direct Win32 calls","delegate while preserving flags and client-size semantics","PlatformWindow / Windows","implemented","9aa71a2674e271becd586743ab02019a68900348"
"src/EterLib/MSWindow.cpp","218","CMSWindow::RegisterWindowClass","WNDCLASSW; LoadCursor; LoadIcon; RegisterClassW","A - Window / Event Loop","class registration and default resources are embedded in core library","confine to Win32Window implementation","PlatformWindow / Windows","implemented","9aa71a2674e271becd586743ab02019a68900348"
"src/EterLib/MSApplication.cpp","14","CMSApplication::Initialize","HINSTANCE","A - Window / Event Loop","process instance is copied into CMSWindow static state","pass through opaque PlatformWindow creation data","Platform NativeTypes / Windows","implemented","9aa71a2674e271becd586743ab02019a68900348"
"src/EterLib/MSApplication.cpp","24","CMSApplication::IsMessage","PeekMessage","A - Window / Event Loop","game loop probes the Win32 queue directly","replace with PlatformWindow event-poll result","PlatformWindow::PollEvents","implemented","9aa71a2674e271becd586743ab02019a68900348"
"src/EterLib/MSApplication.cpp","34","CMSApplication::MessageProcess","GetMessage; TranslateMessage; DispatchMessage","A - Window / Event Loop","blocking one-message pump is hardwired to Win32","implement equivalent poll/dispatch inside Win32Window","PlatformWindow::PollEvents","implemented","9aa71a2674e271becd586743ab02019a68900348"
"src/EterLib/MSApplication.cpp","46","CMSApplication::WindowProcedure","WM_CLOSE; PostQuitMessage","A - Window / Event Loop","quit policy is expressed in WndProc override","translate close/quit without changing exit behavior","PlatformWindow / Windows","implemented","9aa71a2674e271becd586743ab02019a68900348"
"src/UserInterface/UserInterface.cpp","301","WinMain","HINSTANCE; LPSTR","A - Window / Event Loop","productive entry point is intrinsically Windows","retain Windows entry shim and pass opaque instance to neutral startup","UserInterface/Windows entry point","retained-interop","9aa71a2674e271becd586743ab02019a68900348"
"src/UserInterface/PythonApplicationProcedure.cpp","48","CPythonApplication::WindowProcedure","HWND; WPARAM; LPARAM; WM_*","A - Window / Event Loop","main application handles raw Win32 messages and state transitions","keep translation in Windows boundary; preserve exact callbacks and minimize/focus behavior","PlatformWindow / Windows message translation","implemented","9aa71a2674e271becd586743ab02019a68900348"
"src/UserInterface/PythonApplication.cpp","582","CPythonApplication::Process","GetClientRect","A - Window / Event Loop","frame loop queries native client rect","use neutral client size","PlatformWindow","implemented","9aa71a2674e271becd586743ab02019a68900348"
"src/UserInterface/PythonApplication.cpp","881","CPythonApplication::SetDefaultCamera","SetWindowPos; GetWindowHandle","A - Window / Event Loop","game application resizes the HWND directly","call PlatformWindow resize","PlatformWindow","implemented","9aa71a2674e271becd586743ab02019a68900348"
"src/Renderer/IRenderBackend.h","11","Renderer::InitializeInfo","void* window","A - Window / Event Loop","renderer interface already avoids HWND and accepts an untyped pointer only at backend initialization","retain void* as the true Diligent native-window interop; obtain it from NativeWindowHandle only at the call boundary","Platform NativeTypes -> Diligent interop","retained-interop","9aa71a2674e271becd586743ab02019a68900348"
"src/Renderer/DiligentD3D11Backend.cpp","11","DiligentD3D11Backend::Initialize","Diligent::NativeWindow","J - bewusst Windows-only Feature","D3D11 swapchain consumes the opaque native window","retain as a true interop boundary; do not move lifecycle into renderer","Diligent D3D11 Windows interop","retained-interop","9aa71a2674e271becd586743ab02019a68900348"
"src/Renderer/RendererBootstrap.cpp","20","Renderer smoke WindowProcedure","HWND; WM_SIZE; PostQuitMessage; DefWindowProcW","A - Window / Event Loop","test/smoke path duplicates a Win32 WndProc","reuse PlatformWindow event and resize contract","PlatformWindow","implemented","9aa71a2674e271becd586743ab02019a68900348"
"src/Renderer/RendererBootstrap.cpp","44","RunRendererBootstrap","RegisterClassW; CreateWindowW; PeekMessageW; DispatchMessageW; SetWindowPos; DestroyWindow","A - Window / Event Loop","renderer smoke path owns a second complete Win32 lifecycle","replace with PlatformWindow; keep D3D11 backend focused on swapchain","PlatformWindow -> Diligent","implemented","9aa71a2674e271becd586743ab02019a68900348"
"src/Renderer/TerrainPresentation.cpp","40","TerrainPresentation::Initialize","HWND; CreateWindowExW; WS_CHILD","A - Window / Event Loop","production renderer creates a child HWND and mutates parent WS_CLIPCHILDREN","encapsulate child-window create/style ownership and retain native handle only for swapchain","PlatformChildWindow / Windows","implemented","9aa71a2674e271becd586743ab02019a68900348"
"src/Renderer/TerrainPresentation.cpp","149","TerrainPresentation shutdown/resize/visibility","IsWindow; DestroyWindow; ShowWindow; SetWindowPos; SetWindowLongPtrW","A - Window / Event Loop","renderer directly manages child-window lifecycle and parent style restoration","delegate to PlatformChildWindow RAII with identical style restoration","PlatformChildWindow / Windows","implemented","9aa71a2674e271becd586743ab02019a68900348"
"src/EterLib/Input.h","13","CInputDevice / CInputKeyboard","HWND; HRESULT; LPDIRECTINPUT8; LPDIRECTINPUTDEVICE8","B - Input","game-facing input classes expose DirectInput and HWND","introduce neutral key/input interface; hide DirectInput objects in Windows backend","PlatformInput / Windows DirectInput","implemented","9aa71a2674e271becd586743ab02019a68900348"
"src/EterLib/Input.cpp","18","CInputDevice::CreateDevice","DirectInput8Create; GetModuleHandle","B - Input","DirectInput object initialization is in a generic EterLib source","move unchanged initialization into Windows input backend","PlatformInput / Windows","implemented","9aa71a2674e271becd586743ab02019a68900348"
"src/EterLib/Input.cpp","56","CInputKeyboard::InitializeKeyboard","CreateDevice; SetDataFormat; SetCooperativeLevel; Acquire","B - Input","keyboard hardware acquisition is coupled to application class","backend takes opaque native window and reports neutral success","PlatformInput / Windows DirectInput","implemented","9aa71a2674e271becd586743ab02019a68900348"
"src/EterLib/Input.cpp","89","CInputKeyboard::UpdateKeyboard","GetDeviceState; Acquire; DIK state","B - Input","hardware scan and key-edge generation are combined","retain DIK-compatible scan codes but expose neutral key transitions","PlatformInput","implemented","9aa71a2674e271becd586743ab02019a68900348"
"src/UserInterface/PythonApplication.h","51","CPythonApplication inheritance","CMSApplication; CInputKeyboard","B - Input","game application inherits concrete Win32 window and DirectInput implementations","compose PlatformWindow and PlatformInput while keeping OnKeyDown/OnKeyUp behavior","PlatformWindow + PlatformInput","partial","9aa71a2674e271becd586743ab02019a68900348"
"src/UserInterface/PythonApplicationEvent.cpp","129","CPythonApplication::OnKeyDown / OnKeyUp","DIK_ESCAPE; raw scan index","B - Input","hardware scan code enters UI callback and escape handling directly","keep compatibility scan values at adapter; separate hardware event from gameplay/UI action","InputSystem action boundary","implemented","9aa71a2674e271becd586743ab02019a68900348"
"src/UserInterface/PythonApplicationCursor.cpp","36","CPythonApplication cursor methods","LoadImage; ShowCursor; SetCursor; HANDLE/HCURSOR","H - Cursor / Clipboard / Shell","cursor resources and visibility are direct Win32 operations","wrap cursor load/visibility/set while preserving cursor IDs and reference-count loop","PlatformCursor / Windows","implemented","9aa71a2674e271becd586743ab02019a68900348"
"src/UserInterface/PythonApplicationProcedure.cpp","9","CPythonApplication mouse capture","SetCapture; ReleaseCapture","H - Cursor / Clipboard / Shell","mouse capture is direct HWND behavior","expose capture/release on PlatformWindow or cursor service","PlatformWindow / Windows","implemented","9aa71a2674e271becd586743ab02019a68900348"
"src/EterLib/IME.cpp","777","CIME clipboard methods","OpenClipboard; EmptyClipboard; SetClipboardData; GetClipboardData; CloseClipboard","H - Cursor / Clipboard / Shell","IME/editor code directly owns Unicode clipboard transfer","wrap clipboard open/read/write while preserving Unicode and ownership rules","PlatformClipboard / Windows","implemented","9aa71a2674e271becd586743ab02019a68900348"
"src/EterLib/FontManager.cpp","119","CFontManager::ResolveFontPath","windows.h; shlobj.h; GetWindowsDirectoryA; C:\\Windows\\Fonts fallback","C - Filesystem / Paths","font lookup owns the only explicit drive-letter fallback and a Win32 Windows-directory query","retain the existing Windows fallback in C2-X; defer a dedicated system-font path service","PlatformFilesystem / Windows","deferred","9aa71a2674e271becd586743ab02019a68900348"
"src/EterBase/FileBase.cpp","59","CFileBase::Create / Read / Write","CreateFileW; GetFileSize; ReadFile; WriteFile; GetCurrentDirectory","C - Filesystem / Paths","generic file object is implemented directly with Win32 handles and assumes CWD","route basic open/read/size through platform filesystem; preserve flags and legacy size limit","PlatformFilesystem / Windows","implemented","9aa71a2674e271becd586743ab02019a68900348"
"src/EterBase/FileDir.cpp","44","CFileDir::Create","FindFirstFileW; FindNextFileW; FindClose","C - Filesystem / Paths","directory traversal is Win32-specific","confine enumeration to Windows backend or neutral directory helper","PlatformFilesystem / Windows","implemented","9aa71a2674e271becd586743ab02019a68900348"
"src/EterBase/FileLoader.cpp","260","CDiskFileLoader::Open","_wfopen","C - Filesystem / Paths","disk fallback opens a converted wide path directly","use platform open/read while preserving pack fallback and INT_MAX rejection","PlatformFilesystem","deferred","9aa71a2674e271becd586743ab02019a68900348"
"src/EterBase/CRC32.cpp","128","GetHFILECRC32 / GetFileCRC32","CreateFileW; CreateFileMapping; MapViewOfFile; GetFileSize","C - Filesystem / Paths","checksum helper owns native file and mapping APIs","keep optimized mapping inside Windows implementation; neutral callers use paths/bytes","PlatformFilesystem / Windows","partial","9aa71a2674e271becd586743ab02019a68900348"
"src/EterBase/Utils.cpp","15","CreateTempFileName","GetTempPathW; GetTempFileNameW","C - Filesystem / Paths","temporary path generation is Win32-specific","expose temp/writable path through filesystem service","PlatformFilesystem / Windows","implemented","9aa71a2674e271becd586743ab02019a68900348"
"src/EterBase/Utils.cpp","437","FileExists / CreateDirectory / DeleteDirectory","_access; CreateDirectoryW; DeleteFileW","C - Filesystem / Paths","path normalization and recursive directory operations mix separators and Win32 calls","centralize normalize/join/exists/create/delete; preserve pack lookup semantics","PlatformFilesystem / Windows","implemented","9aa71a2674e271becd586743ab02019a68900348"
"src/EterBase/Utils.cpp","615","GetExePath","GetModuleFileNameW","C - Filesystem / Paths","application directory is obtained directly from Win32","provide AppDirectory helper","PlatformFilesystem / Windows","implemented","9aa71a2674e271becd586743ab02019a68900348"
"src/UserInterface/UserInterface.cpp","61","PackInitialize","_access; relative pack path; separator-neutral std::format","C - Filesystem / Paths","asset packs are located relative to the current working directory","retain exact relative pack contract but perform existence/join through platform helper","PlatformFilesystem / pack boundary","deferred","9aa71a2674e271becd586743ab02019a68900348"
"src/UserInterface/PythonSystem.cpp","379","CPythonSystem config load/save","fopen config/metin2.cfg; config/interface.cfg","C - Filesystem / Paths","writable configuration uses CWD-relative paths","route to documented writable/config directory while keeping Windows location unchanged in C2-X","PlatformFilesystem writable/config","implemented","9aa71a2674e271becd586743ab02019a68900348"
"src/EterBase/Debug.cpp","154","log initialization","fopen log/log.txt; filesystem create_directory; packetdump/pdlog/syserr","I - Debug / Diagnostics","logs use CWD-relative writable paths","centralize log directory path; keep minimal startup/error logs and explicit diagnostics policy","PlatformFilesystem writable/log","partial","9aa71a2674e271becd586743ab02019a68900348"
"src/EterImageLib/ScreenshotJPEG.cpp","6","SaveScreenshotJPEG","_wfopen","C - Filesystem / Paths","screenshot writer accepts a Windows wide path and opens it directly","keep encoder neutral and open through screenshot/writable path service","PlatformFilesystem screenshot","deferred","9aa71a2674e271becd586743ab02019a68900348"
"src/UserInterface/PythonApplicationWebPage.cpp","30","WebView temp data path","std::filesystem::temp_directory_path","J - bewusst Windows-only Feature","WebView2 chooses a process temp directory itself","keep feature Windows-only and obtain its writable/cache root through platform service","UserInterface/Windows/WebView2","implemented","9aa71a2674e271becd586743ab02019a68900348"
"src/UserInterface/MovieMan.cpp","383","CMovieMan current directory","GetCurrentDirectoryW","J - bewusst Windows-only Feature","DirectShow movie loader assumes process current directory","move the implementation to the Windows-only video feature boundary and intentionally retain its existing CWD lookup","UserInterface/Windows/Video","implemented","9aa71a2674e271becd586743ab02019a68900348"
"src/EterBase/Timer.cpp","15","ELTimer_Init / ELTimer_GetMSec","QueryPerformanceFrequency; QueryPerformanceCounter; timeGetTime","D - Time / Sleep","central timer already concentrates clock APIs but exposes Win32 types and ultimately uses timeGetTime","implement monotonic Now through PlatformTime and preserve current millisecond behavior","PlatformTime / Windows","implemented","9aa71a2674e271becd586743ab02019a68900348"
"src/UserInterface/PythonApplication.cpp","569","CPythonApplication frame pacing","Sleep","D - Time / Sleep","main loop sleeps directly with Win32","call PlatformTime::Sleep without changing pacing","PlatformTime","implemented","9aa71a2674e271becd586743ab02019a68900348"
"src/UserInterface/UserInterface.cpp","159","PackInitialize timing / random seed","GetTickCount","D - Time / Sleep","startup timing and seed use Win32 ticks directly","use platform monotonic tick; preserve seed composition","PlatformTime","implemented","9aa71a2674e271becd586743ab02019a68900348"
"src/EterLib/FileLoaderThread.cpp","87","CFileLoaderThread delay","Sleep","D - Time / Sleep","loader loop sleeps directly with Win32","use PlatformTime::Sleep","PlatformTime","implemented","9aa71a2674e271becd586743ab02019a68900348"
"src/EterLib/ResourceManager.cpp","34","resource loader delay","Sleep","D - Time / Sleep","resource manager sleeps directly with Win32","use PlatformTime::Sleep","PlatformTime","implemented","9aa71a2674e271becd586743ab02019a68900348"
"src/EterLib/Thread.cpp","11","CThread::Create","_beginthreadex; HANDLE","E - Threads / Synchronisation","legacy thread wrapper stores a native handle","prefer std::thread where low risk or hide HANDLE in Windows implementation","Platform threading boundary","deferred","9aa71a2674e271becd586743ab02019a68900348"
"src/EterLib/Mutex.cpp","4","CMutex","CRITICAL_SECTION lifecycle/lock/unlock","E - Threads / Synchronisation","generic mutex wrapper is Win32-only","replace implementation with std::mutex if behavior remains identical","standard C++ synchronization","deferred","9aa71a2674e271becd586743ab02019a68900348"
"src/UserInterface/ProcessScanner.cpp","8","process scanner lifecycle","CRITICAL_SECTION; CreateEvent; WaitForSingleObject; _beginthread","J - bewusst Windows-only Feature","process inspection/anti-cheat helper owns Windows events, synchronization and thread","keep explicitly Windows-only; do not force into generic platform services","UserInterface/Windows/ProcessScanner","retained-windows-only","9aa71a2674e271becd586743ab02019a68900348"
"src/EterLib/NetDevice.cpp","17","CNetworkDevice lifecycle","WSAStartup; WSACleanup","F - Networking","Winsock process initialization is in generic network class","wrap nested startup/cleanup with neutral RAII service","PlatformNetworking / Windows","implemented","9aa71a2674e271becd586743ab02019a68900348"
"src/EterLib/NetStream.h","98","CNetworkStream socket storage","SOCKET","F - Networking","public network class stores Winsock-native socket type","hide behind neutral native socket alias/wrapper","PlatformNetworking / Windows","implemented","9aa71a2674e271becd586743ab02019a68900348"
"src/EterLib/NetStream.cpp","46","CNetworkStream receive/send/connect","recv; send; select; socket; ioctlsocket; closesocket; WSAGetLastError","F - Networking","netcode directly uses Winsock calls throughout transport implementation","do not redesign protocol; confine native socket operations and error translation","PlatformNetworking / Windows","partial","9aa71a2674e271becd586743ab02019a68900348"
"src/EterBase/error.cpp","157","crash/error sender","SOCKET; socket; ioctlsocket; connect; send; closesocket","F - Networking","the complete legacy diagnostic sender block is commented out and has no runtime effect","retain the commented legacy block in C2-X; exclude it from claims about active networking behavior","PlatformNetworking / diagnostics","retained-commented","9aa71a2674e271becd586743ab02019a68900348"
"src/Discord/connection_win.cpp","16","Discord IPC connection","HANDLE; CreateFileW; ReadFile; WriteFile; named pipe","J - bewusst Windows-only Feature","Discord's existing platform-specific source is already Windows-named but is always added by CMake","keep as Windows-only target source and select conditionally","Discord Windows feature boundary","retained-windows-only","9aa71a2674e271becd586743ab02019a68900348"
"src/EterLib/IME.cpp","328","CIME Imm32 loading","LoadLibraryW; GetProcAddress; FreeLibrary","G - Dynamic Libraries","IME dynamically loads Imm32 exports in generic EterLib","wrap library/symbol lifetime or move whole IME implementation to Windows feature boundary","PlatformDynamicLibrary / Windows IME","implemented","9aa71a2674e271becd586743ab02019a68900348"
"src/EterLib/IME.cpp","1613","CIME current IME loading","LoadLibraryW; GetProcAddress","G - Dynamic Libraries","language-specific IME DLL is loaded directly","use same platform dynamic-library wrapper; preserve optional-symbol behavior","PlatformDynamicLibrary / Windows IME","implemented","9aa71a2674e271becd586743ab02019a68900348"
"src/Discord/discord_register_win.cpp","58","Discord protocol/Steam registration","RegCreateKeyExW; RegSetValueExW; RegOpenKeyExW; RegQueryValueExW; PSAPI","J - bewusst Windows-only Feature","Windows registration helper uses registry and process APIs","keep explicitly Windows-only and conditionally compiled","Discord Windows feature boundary","retained-windows-only","9aa71a2674e271becd586743ab02019a68900348"
"src/EterLib/IME.cpp","1567","CIME keyboard mapping","RegOpenKeyExW; RegQueryValueExW","H - Cursor / Clipboard / Shell","IME reads Windows keyboard-layout registry data","keep inside Windows IME backend; no generic registry abstraction required","Windows IME feature boundary","retained-windows-only","9aa71a2674e271becd586743ab02019a68900348"
"src/UserInterface/PythonApplicationWebPage.cpp","15","embedded web page","ICoreWebView2 family; SHGetFolderPath include","J - bewusst Windows-only Feature","WebView2 implementation is concentrated in one source but linked unconditionally and sits in generic UserInterface folder","move/select as Windows-only feature; core only calls a narrow feature interface","UserInterface/Windows/WebView2","implemented","9aa71a2674e271becd586743ab02019a68900348"
"src/UserInterface/MovieMan.cpp","130","CMovieMan playback","DirectShow; DirectDraw; COM; PeekMessage; HWND","J - bewusst Windows-only Feature","video playback is an extensive Windows-only subsystem and directly drains key/mouse messages","move behind explicit Windows video feature boundary; do not replace in C2-X","UserInterface/Windows/Video","implemented","9aa71a2674e271becd586743ab02019a68900348"
"src/EterBase/Debug.cpp","72","debug output","OutputDebugStringW; console APIs; MessageBoxW","I - Debug / Diagnostics","debug/log subsystem performs Windows diagnostics and UI directly","retain Windows diagnostics behind narrow service; avoid leaking HWND from header","Platform diagnostics / Windows","implemented","9aa71a2674e271becd586743ab02019a68900348"
"src/EterBase/error.cpp","42","fatal error stack capture","DbgHelp StackWalk64; module/process/thread handles","I - Debug / Diagnostics","crash reporter is intrinsically Windows x64","keep explicitly Windows-only and outside neutral core headers","Diagnostics/Windows","retained-windows-only","9aa71a2674e271becd586743ab02019a68900348"
"src/UserInterface/ProcessCRC.cpp","27","module CRC audit","CreateToolhelp32Snapshot; HANDLE","I - Debug / Diagnostics","module inspection is Windows-specific","keep behind Windows diagnostics/security feature boundary","UserInterface/Windows/Diagnostics","retained-windows-only","9aa71a2674e271becd586743ab02019a68900348"
"src/UserInterface/ProcessScanner.cpp","21","process/module scanner","CreateToolhelp32Snapshot; OpenProcess; Module32First/Next","J - bewusst Windows-only Feature","process scanner is Windows-only product behavior","condition source and links on WIN32; no cross-platform substitute in C2-X","UserInterface/Windows/ProcessScanner","retained-windows-only","9aa71a2674e271becd586743ab02019a68900348"
"src/UserInterface/UserInterface.cpp","11","Windows command-line parsing at entry","shellapi.h; CommandLineToArgvW; shell32 link","H - Cursor / Clipboard / Shell","parses both renderer and client command lines in the Windows entry shim","retain as a used Windows entry-point dependency; keep it outside neutral platform headers","Windows entry shim","retained-interop","9aa71a2674e271becd586743ab02019a68900348"
