path,category,used_by_production_client,reader_status,reason,race_ids,map_race_item_references,packed_native,packed_reference,disposition
NPC/ymir work/npc/doctor/die.gr2,NPC model/animation,yes - registered client configuration,unsupported curve/type,periodic or explicit root motion,20018,NPC/ymir work/npc/doctor/die.msa:3; share/conf/mob_proto.txt:1070; share/locale/english/map/metin2_map_a1/npc.txt:42; share/locale/english/map/metin2_map_b1/npc.txt:40; share/locale/english/map/metin2_map_c1/npc.txt:40,0,1,BLOCK migration; implement and verify native semantics
PC/ymir work/pc/assassin/assassin.gr2,player model,unknown - no complete active reference chain proved,unsupported curve/type,runtime skeleton: skeleton requires exactly one connected root,,,0,1,unresolved; do not declare unused or safe to remove
PC/ymir work/pc/sura/general/run10.gr2,player animation,unknown - no complete active reference chain proved,unsupported curve/type,periodic or explicit root motion,,,0,1,unresolved; do not declare unused or safe to remove
metin2_patch_dragon_rock_mobs/ymir work/monster2/crustacean_officer/run.gr2,mob model/animation,yes - registered client configuration,unsupported curve/type,periodic or explicit root motion,3604,metin2_patch_dragon_rock_mobs/ymir work/monster2/crustacean_officer/run.msa:3; share/conf/mob_proto.txt:457,0,1,BLOCK migration; implement and verify native semantics
metin2_patch_dragon_rock_mobs/ymir work/monster2/crustacean_officer/walk.gr2,mob model/animation,yes - registered client configuration,unsupported curve/type,periodic or explicit root motion,3604,metin2_patch_dragon_rock_mobs/ymir work/monster2/crustacean_officer/walk.msa:3; share/conf/mob_proto.txt:457,0,1,BLOCK migration; implement and verify native semantics
metin2_patch_dragon_rock_mobs/ymir work/monster2/crustacean_soldier/run.gr2,mob model/animation,yes - registered client configuration,unsupported curve/type,periodic or explicit root motion,3601,metin2_patch_dragon_rock_mobs/ymir work/monster2/crustacean_soldier/run.msa:3; share/conf/mob_proto.txt:454,0,1,BLOCK migration; implement and verify native semantics
metin2_patch_dragon_rock_mobs/ymir work/monster2/crustacean_soldier/walk.gr2,mob model/animation,yes - registered client configuration,unsupported curve/type,periodic or explicit root motion,3601,metin2_patch_dragon_rock_mobs/ymir work/monster2/crustacean_soldier/walk.msa:3; share/conf/mob_proto.txt:454,0,1,BLOCK migration; implement and verify native semantics
metin2_patch_dragon_rock_mobs/ymir work/monster2/ent_boss1/normal_attack.gr2,boss model/animation,yes - registered client configuration,unsupported curve/type,periodic or explicit root motion,3901,metin2_patch_dragon_rock_mobs/ymir work/monster2/ent_boss1/normal_attack.msa:3; share/conf/mob_proto.txt:475,0,1,BLOCK migration; implement and verify native semantics
metin2_patch_dragon_rock_mobs/ymir work/monster2/ent_boss2/run.gr2,boss model/animation,yes - registered client configuration,unsupported curve/type,periodic or explicit root motion,3902,metin2_patch_dragon_rock_mobs/ymir work/monster2/ent_boss2/run.msa:3; share/conf/mob_proto.txt:476,0,1,BLOCK migration; implement and verify native semantics
metin2_patch_dragon_rock_mobs/ymir work/monster2/ent_boss2/walk.gr2,boss model/animation,yes - registered client configuration,unsupported curve/type,periodic or explicit root motion,3902,metin2_patch_dragon_rock_mobs/ymir work/monster2/ent_boss2/walk.msa:3; share/conf/mob_proto.txt:476,0,1,BLOCK migration; implement and verify native semantics
metin2_patch_dragon_rock_mobs/ymir work/monster2/manticore_boss2/special_attack.gr2,boss model/animation,yes - registered client configuration,unsupported curve/type,periodic or explicit root motion,3291,metin2_patch_dragon_rock_mobs/ymir work/monster2/manticore_boss2/special_attack.msa:3; share/conf/mob_proto.txt:425,0,1,BLOCK migration; implement and verify native semantics
metin2_patch_dragon_rock_mobs/ymir work/monster2/ogre_boss2/run.gr2,boss model/animation,yes - registered client configuration,unsupported curve/type,periodic or explicit root motion,3891;6394,metin2_patch_dragon_rock_mobs/ymir work/monster2/ogre_boss2/run.msa:3; share/conf/mob_proto.txt:474,0,1,BLOCK migration; implement and verify native semantics
metin2_patch_dragon_rock_mobs/ymir work/monster2/ogre_soldier/normal_attack1.gr2,mob model/animation,yes - registered client configuration,unsupported curve/type,periodic or explicit root motion,3801;6306,metin2_patch_dragon_rock_mobs/ymir work/monster2/ogre_soldier/normal_attack1.msa:3; share/conf/mob_proto.txt:468,0,1,BLOCK migration; implement and verify native semantics
metin2_patch_dragon_rock_mobs/ymir work/monster2/redthief2_soldier2/redthief2_soldier2_lod_01.gr2,mob model/animation,yes - registered client configuration,malformed,empty mesh vertices,3552,metin2_patch_dragon_rock_mobs/ymir work/monster2/redthief2_soldier2/redthief2_soldier2.msm:3; share/conf/mob_proto.txt:446,0,1,BLOCK migration; implement and verify native semantics
metin2_patch_dragon_rock_mobs/ymir work/monster2/redthief_general/back_damage.gr2,boss model/animation,yes - registered client configuration,malformed,nonfinite float,3505,metin2_patch_dragon_rock_mobs/ymir work/monster2/redthief_general/back_damage.msa:3; metin2_patch_dragon_rock_mobs/ymir work/monster2/redthief2_general/back_damage.msa:3; share/conf/mob_proto.txt:444,0,1,BLOCK migration; implement and verify native semantics
metin2_patch_dragon_rock_mobs/ymir work/monster2/redthief_general/front_damage.gr2,boss model/animation,unknown - no complete active reference chain proved,malformed,nonfinite float,3505,metin2_patch_dragon_rock_mobs/ymir work/monster2/redthief_general/front_damage.msa:3; metin2_patch_dragon_rock_mobs/ymir work/monster2/redthief2_general/front_damage.msa:3; share/conf/mob_proto.txt:444,0,1,unresolved; do not declare unused or safe to remove
metin2_patch_easter1/ymir work/pc/warrior/hair/hair_11_1.gr2,player hair,yes - registered client configuration,unsupported curve/type,runtime skeleton: skeleton requires exactly one connected root,,root/msm/warrior_m.msm:181; root/msm/warrior_m.msm:314; root/msm/warrior_m.msm:321; root/msm/warrior_m.msm:328; root/msm/warrior_m.msm:335,0,1,BLOCK migration; implement and verify native semantics
metin2_patch_easter1/ymir work/pc/warrior/warrior_rabbit1_backup.gr2,player model,unknown - no complete active reference chain proved,unsupported curve/type,runtime skeleton: skeleton requires exactly one connected root,,,0,1,unresolved; do not declare unused or safe to remove
metin2_patch_eu4/ymir work/npc2/halloween1/halloween1.gr2,NPC model/animation,yes - registered client configuration,malformed,skeleton: bone names must be nonempty and unique,33008,metin2_patch_eu4/ymir work/npc2/halloween1/halloween1.msm:3; share/conf/mob_proto.txt:1318,0,1,BLOCK migration; implement and verify native semantics
metin2_patch_eu4/ymir work/npc2/halloween1/wait.gr2,NPC model/animation,yes - registered client configuration,malformed,duplicate/empty track target,33008,metin2_patch_eu4/ymir work/npc2/halloween1/wait.msa:3; share/conf/mob_proto.txt:1318,0,1,BLOCK migration; implement and verify native semantics
metin2_patch_eu4/ymir work/npc2/halloween1/wait1.gr2,NPC model/animation,yes - registered client configuration,malformed,duplicate/empty track target,33008,metin2_patch_eu4/ymir work/npc2/halloween1/wait1.msa:3; share/conf/mob_proto.txt:1318,0,1,BLOCK migration; implement and verify native semantics
metin2_patch_eu4/ymir work/npc2/halloween1/walk1.gr2,NPC model/animation,yes - registered client configuration,unsupported curve/type,periodic or explicit root motion,33008,metin2_patch_eu4/ymir work/npc2/halloween1/walk1.msa:3; share/conf/mob_proto.txt:1318,0,1,BLOCK migration; implement and verify native semantics
metin2_patch_xmas/ymir work/npc2/pig_young1/walk.gr2,pet (NPC skeleton),yes - registered client configuration,unsupported curve/type,periodic or explicit root motion,34005,metin2_patch_xmas/ymir work/npc2/pig_young1/walk.msa:3; share/conf/mob_proto.txt:1323,0,1,BLOCK migration; implement and verify native semantics
patch2/ymir work/npc2/historian/historian.gr2,NPC model/animation,yes - registered client configuration,malformed,skeleton: bone names must be nonempty and unique,33002,patch2/ymir work/npc2/historian/historian.msm:3; share/conf/mob_proto.txt:1312,0,1,BLOCK migration; implement and verify native semantics
patch2/ymir work/npc2/historian/run.gr2,NPC model/animation,yes - registered client configuration,malformed,duplicate/empty track target,33002,patch2/ymir work/npc2/historian/run.msa:3; share/conf/mob_proto.txt:1312,0,1,BLOCK migration; implement and verify native semantics
patch2/ymir work/npc2/historian/wait.gr2,NPC model/animation,yes - registered client configuration,malformed,duplicate/empty track target,33002,patch2/ymir work/npc2/historian/wait.msa:3; share/conf/mob_proto.txt:1312,0,1,BLOCK migration; implement and verify native semantics
patch2/ymir work/npc2/historian/wait1.gr2,NPC model/animation,yes - registered client configuration,malformed,duplicate/empty track target,33002,patch2/ymir work/npc2/historian/wait1.msa:3; share/conf/mob_proto.txt:1312,0,1,BLOCK migration; implement and verify native semantics
patch2/ymir work/npc2/historian/walk.gr2,NPC model/animation,yes - registered client configuration,malformed,duplicate/empty track target,33002,patch2/ymir work/npc2/historian/walk.msa:3; share/conf/mob_proto.txt:1312,0,1,BLOCK migration; implement and verify native semantics
season1/season1/monster/ch_officer/skipia_officer_attack.gr2,mob model/animation,unknown - no complete active reference chain proved,malformed,duplicate/empty track target,2404;2414;2434;2454,season1/season1/monster/ch_officer/skipia_officer_attack.msa:3; share/conf/mob_proto.txt:358; share/conf/mob_proto.txt:362; share/conf/mob_proto.txt:366; share/conf/mob_proto.txt:370; share/locale/english/map/metin2_map_skipia_dungeon_01/regen.txt:645; share/locale/english/map/metin2_map_skipia_dungeon_01/regen.txt:647; share/locale/english/map/metin2_map_skipia_dungeon_01/regen.txt:653; share/locale/english/map/metin2_map_skipia_dungeon_01/regen.txt:660; share/locale/english/map/metin2_map_skipia_dungeon_01/regen.txt:662; share/locale/english/map/metin2_map_skipia_dungeon_01/regen.txt:665; share/locale/english/map/metin2_map_skipia_dungeon_01/regen.txt:667; share/locale/english/map/metin2_map_skipia_dungeon_011/regen.txt:645; share/locale/english/map/metin2_map_skipia_dungeon_011/regen.txt:647; share/locale/english/map/metin2_map_skipia_dungeon_011/regen.txt:653; share/locale/english/map/metin2_map_skipia_dungeon_011/regen.txt:660; share/locale/english/map/metin2_map_skipia_dungeon_011/regen.txt:662; share/locale/english/map/metin2_map_skipia_dungeon_011/regen.txt:665; share/locale/english/map/metin2_map_skipia_dungeon_011/regen.txt:667; share/locale/english/map/metin2_map_skipia_dungeon_02/regen.txt:187; share/locale/english/map/metin2_map_skipia_dungeon_02/regen.txt:190; share/locale/english/map/metin2_map_skipia_dungeon_02/regen.txt:191; share/locale/english/map/metin2_map_skipia_dungeon_02/regen.txt:193; share/locale/english/map/metin2_map_skipia_dungeon_02/regen.txt:195; share/locale/english/map/metin2_map_skipia_dungeon_02/regen.txt:200; share/locale/english/map/metin2_map_skipia_dungeon_02/regen.txt:201,0,1,unresolved; do not declare unused or safe to remove
season1/season1/monster/ch_officer/skipia_officer_attack1.gr2,mob model/animation,unknown - no complete active reference chain proved,malformed,duplicate/empty track target,2404;2414;2434;2454,season1/season1/monster/ch_officer/skipia_officer_attack1.msa:3; share/conf/mob_proto.txt:358; share/conf/mob_proto.txt:362; share/conf/mob_proto.txt:366; share/conf/mob_proto.txt:370; share/locale/english/map/metin2_map_skipia_dungeon_01/regen.txt:645; share/locale/english/map/metin2_map_skipia_dungeon_01/regen.txt:647; share/locale/english/map/metin2_map_skipia_dungeon_01/regen.txt:653; share/locale/english/map/metin2_map_skipia_dungeon_01/regen.txt:660; share/locale/english/map/metin2_map_skipia_dungeon_01/regen.txt:662; share/locale/english/map/metin2_map_skipia_dungeon_01/regen.txt:665; share/locale/english/map/metin2_map_skipia_dungeon_01/regen.txt:667; share/locale/english/map/metin2_map_skipia_dungeon_011/regen.txt:645; share/locale/english/map/metin2_map_skipia_dungeon_011/regen.txt:647; share/locale/english/map/metin2_map_skipia_dungeon_011/regen.txt:653; share/locale/english/map/metin2_map_skipia_dungeon_011/regen.txt:660; share/locale/english/map/metin2_map_skipia_dungeon_011/regen.txt:662; share/locale/english/map/metin2_map_skipia_dungeon_011/regen.txt:665; share/locale/english/map/metin2_map_skipia_dungeon_011/regen.txt:667; share/locale/english/map/metin2_map_skipia_dungeon_02/regen.txt:187; share/locale/english/map/metin2_map_skipia_dungeon_02/regen.txt:190; share/locale/english/map/metin2_map_skipia_dungeon_02/regen.txt:191; share/locale/english/map/metin2_map_skipia_dungeon_02/regen.txt:193; share/locale/english/map/metin2_map_skipia_dungeon_02/regen.txt:195; share/locale/english/map/metin2_map_skipia_dungeon_02/regen.txt:200; share/locale/english/map/metin2_map_skipia_dungeon_02/regen.txt:201,0,1,unresolved; do not declare unused or safe to remove
season1/season1/monster/ch_officer/skipia_officer_back_dead.gr2,mob model/animation,unknown - no complete active reference chain proved,malformed,duplicate/empty track target,2404;2414;2434;2454,season1/season1/monster/ch_officer/skipia_officer_back_dead.msa:3; share/conf/mob_proto.txt:358; share/conf/mob_proto.txt:362; share/conf/mob_proto.txt:366; share/conf/mob_proto.txt:370; share/locale/english/map/metin2_map_skipia_dungeon_01/regen.txt:645; share/locale/english/map/metin2_map_skipia_dungeon_01/regen.txt:647; share/locale/english/map/metin2_map_skipia_dungeon_01/regen.txt:653; share/locale/english/map/metin2_map_skipia_dungeon_01/regen.txt:660; share/locale/english/map/metin2_map_skipia_dungeon_01/regen.txt:662; share/locale/english/map/metin2_map_skipia_dungeon_01/regen.txt:665; share/locale/english/map/metin2_map_skipia_dungeon_01/regen.txt:667; share/locale/english/map/metin2_map_skipia_dungeon_011/regen.txt:645; share/locale/english/map/metin2_map_skipia_dungeon_011/regen.txt:647; share/locale/english/map/metin2_map_skipia_dungeon_011/regen.txt:653; share/locale/english/map/metin2_map_skipia_dungeon_011/regen.txt:660; share/locale/english/map/metin2_map_skipia_dungeon_011/regen.txt:662; share/locale/english/map/metin2_map_skipia_dungeon_011/regen.txt:665; share/locale/english/map/metin2_map_skipia_dungeon_011/regen.txt:667; share/locale/english/map/metin2_map_skipia_dungeon_02/regen.txt:187; share/locale/english/map/metin2_map_skipia_dungeon_02/regen.txt:190; share/locale/english/map/metin2_map_skipia_dungeon_02/regen.txt:191; share/locale/english/map/metin2_map_skipia_dungeon_02/regen.txt:193; share/locale/english/map/metin2_map_skipia_dungeon_02/regen.txt:195; share/locale/english/map/metin2_map_skipia_dungeon_02/regen.txt:200; share/locale/english/map/metin2_map_skipia_dungeon_02/regen.txt:201,0,1,unresolved; do not declare unused or safe to remove
season1/season1/monster/ch_officer/skipia_officer_back_knockdown.gr2,mob model/animation,unknown - no complete active reference chain proved,malformed,duplicate/empty track target,2404;2414;2434;2454,season1/season1/monster/ch_officer/skipia_officer_back_knockdown.msa:3; share/conf/mob_proto.txt:358; share/conf/mob_proto.txt:362; share/conf/mob_proto.txt:366; share/conf/mob_proto.txt:370; share/locale/english/map/metin2_map_skipia_dungeon_01/regen.txt:645; share/locale/english/map/metin2_map_skipia_dungeon_01/regen.txt:647; share/locale/english/map/metin2_map_skipia_dungeon_01/regen.txt:653; share/locale/english/map/metin2_map_skipia_dungeon_01/regen.txt:660; share/locale/english/map/metin2_map_skipia_dungeon_01/regen.txt:662; share/locale/english/map/metin2_map_skipia_dungeon_01/regen.txt:665; share/locale/english/map/metin2_map_skipia_dungeon_01/regen.txt:667; share/locale/english/map/metin2_map_skipia_dungeon_011/regen.txt:645; share/locale/english/map/metin2_map_skipia_dungeon_011/regen.txt:647; share/locale/english/map/metin2_map_skipia_dungeon_011/regen.txt:653; share/locale/english/map/metin2_map_skipia_dungeon_011/regen.txt:660; share/locale/english/map/metin2_map_skipia_dungeon_011/regen.txt:662; share/locale/english/map/metin2_map_skipia_dungeon_011/regen.txt:665; share/locale/english/map/metin2_map_skipia_dungeon_011/regen.txt:667; share/locale/english/map/metin2_map_skipia_dungeon_02/regen.txt:187; share/locale/english/map/metin2_map_skipia_dungeon_02/regen.txt:190; share/locale/english/map/metin2_map_skipia_dungeon_02/regen.txt:191; share/locale/english/map/metin2_map_skipia_dungeon_02/regen.txt:193; share/locale/english/map/metin2_map_skipia_dungeon_02/regen.txt:195; share/locale/english/map/metin2_map_skipia_dungeon_02/regen.txt:200; share/locale/english/map/metin2_map_skipia_dungeon_02/regen.txt:201,0,1,unresolved; do not declare unused or safe to remove
season1/season1/monster/ch_officer/skipia_officer_back_standup.gr2,mob model/animation,unknown - no complete active reference chain proved,malformed,duplicate/empty track target,2404;2414;2434;2454,season1/season1/monster/ch_officer/skipia_officer_back_standup.msa:3; share/conf/mob_proto.txt:358; share/conf/mob_proto.txt:362; share/conf/mob_proto.txt:366; share/conf/mob_proto.txt:370; share/locale/english/map/metin2_map_skipia_dungeon_01/regen.txt:645; share/locale/english/map/metin2_map_skipia_dungeon_01/regen.txt:647; share/locale/english/map/metin2_map_skipia_dungeon_01/regen.txt:653; share/locale/english/map/metin2_map_skipia_dungeon_01/regen.txt:660; share/locale/english/map/metin2_map_skipia_dungeon_01/regen.txt:662; share/locale/english/map/metin2_map_skipia_dungeon_01/regen.txt:665; share/locale/english/map/metin2_map_skipia_dungeon_01/regen.txt:667; share/locale/english/map/metin2_map_skipia_dungeon_011/regen.txt:645; share/locale/english/map/metin2_map_skipia_dungeon_011/regen.txt:647; share/locale/english/map/metin2_map_skipia_dungeon_011/regen.txt:653; share/locale/english/map/metin2_map_skipia_dungeon_011/regen.txt:660; share/locale/english/map/metin2_map_skipia_dungeon_011/regen.txt:662; share/locale/english/map/metin2_map_skipia_dungeon_011/regen.txt:665; share/locale/english/map/metin2_map_skipia_dungeon_011/regen.txt:667; share/locale/english/map/metin2_map_skipia_dungeon_02/regen.txt:187; share/locale/english/map/metin2_map_skipia_dungeon_02/regen.txt:190; share/locale/english/map/metin2_map_skipia_dungeon_02/regen.txt:191; share/locale/english/map/metin2_map_skipia_dungeon_02/regen.txt:193; share/locale/english/map/metin2_map_skipia_dungeon_02/regen.txt:195; share/locale/english/map/metin2_map_skipia_dungeon_02/regen.txt:200; share/locale/english/map/metin2_map_skipia_dungeon_02/regen.txt:201,0,1,unresolved; do not declare unused or safe to remove
season1/season1/monster/ch_officer/skipia_officer_dead.gr2,mob model/animation,unknown - no complete active reference chain proved,malformed,duplicate/empty track target,2404;2414;2434;2454,season1/season1/monster/ch_officer/skipia_officer_dead.msa:3; share/conf/mob_proto.txt:358; share/conf/mob_proto.txt:362; share/conf/mob_proto.txt:366; share/conf/mob_proto.txt:370; share/locale/english/map/metin2_map_skipia_dungeon_01/regen.txt:645; share/locale/english/map/metin2_map_skipia_dungeon_01/regen.txt:647; share/locale/english/map/metin2_map_skipia_dungeon_01/regen.txt:653; share/locale/english/map/metin2_map_skipia_dungeon_01/regen.txt:660; share/locale/english/map/metin2_map_skipia_dungeon_01/regen.txt:662; share/locale/english/map/metin2_map_skipia_dungeon_01/regen.txt:665; share/locale/english/map/metin2_map_skipia_dungeon_01/regen.txt:667; share/locale/english/map/metin2_map_skipia_dungeon_011/regen.txt:645; share/locale/english/map/metin2_map_skipia_dungeon_011/regen.txt:647; share/locale/english/map/metin2_map_skipia_dungeon_011/regen.txt:653; share/locale/english/map/metin2_map_skipia_dungeon_011/regen.txt:660; share/locale/english/map/metin2_map_skipia_dungeon_011/regen.txt:662; share/locale/english/map/metin2_map_skipia_dungeon_011/regen.txt:665; share/locale/english/map/metin2_map_skipia_dungeon_011/regen.txt:667; share/locale/english/map/metin2_map_skipia_dungeon_02/regen.txt:187; share/locale/english/map/metin2_map_skipia_dungeon_02/regen.txt:190; share/locale/english/map/metin2_map_skipia_dungeon_02/regen.txt:191; share/locale/english/map/metin2_map_skipia_dungeon_02/regen.txt:193; share/locale/english/map/metin2_map_skipia_dungeon_02/regen.txt:195; share/locale/english/map/metin2_map_skipia_dungeon_02/regen.txt:200; share/locale/english/map/metin2_map_skipia_dungeon_02/regen.txt:201,0,1,unresolved; do not declare unused or safe to remove
season1/season1/monster/ch_officer/skipia_officer_front_damage.gr2,mob model/animation,unknown - no complete active reference chain proved,malformed,duplicate/empty track target,2404;2414;2434;2454,season1/season1/monster/ch_officer/skipia_officer_front_damage.msa:3; season1/season1/monster/ch_officer/skipia_officer_damage.msa:3; share/conf/mob_proto.txt:358; share/conf/mob_proto.txt:362; share/conf/mob_proto.txt:366; share/conf/mob_proto.txt:370; share/locale/english/map/metin2_map_skipia_dungeon_01/regen.txt:645; share/locale/english/map/metin2_map_skipia_dungeon_01/regen.txt:647; share/locale/english/map/metin2_map_skipia_dungeon_01/regen.txt:653; share/locale/english/map/metin2_map_skipia_dungeon_01/regen.txt:660; share/locale/english/map/metin2_map_skipia_dungeon_01/regen.txt:662; share/locale/english/map/metin2_map_skipia_dungeon_01/regen.txt:665; share/locale/english/map/metin2_map_skipia_dungeon_01/regen.txt:667; share/locale/english/map/metin2_map_skipia_dungeon_011/regen.txt:645; share/locale/english/map/metin2_map_skipia_dungeon_011/regen.txt:647; share/locale/english/map/metin2_map_skipia_dungeon_011/regen.txt:653; share/locale/english/map/metin2_map_skipia_dungeon_011/regen.txt:660; share/locale/english/map/metin2_map_skipia_dungeon_011/regen.txt:662; share/locale/english/map/metin2_map_skipia_dungeon_011/regen.txt:665; share/locale/english/map/metin2_map_skipia_dungeon_011/regen.txt:667; share/locale/english/map/metin2_map_skipia_dungeon_02/regen.txt:187; share/locale/english/map/metin2_map_skipia_dungeon_02/regen.txt:190; share/locale/english/map/metin2_map_skipia_dungeon_02/regen.txt:191; share/locale/english/map/metin2_map_skipia_dungeon_02/regen.txt:193; share/locale/english/map/metin2_map_skipia_dungeon_02/regen.txt:195; share/locale/english/map/metin2_map_skipia_dungeon_02/regen.txt:200; share/locale/english/map/metin2_map_skipia_dungeon_02/regen.txt:201,0,1,unresolved; do not declare unused or safe to remove
season1/season1/monster/ch_officer/skipia_officer_front_damage1.gr2,mob model/animation,unknown - no complete active reference chain proved,malformed,duplicate/empty track target,2404;2414;2434;2454,season1/season1/monster/ch_officer/skipia_officer_front_damage1.msa:3; season1/season1/monster/ch_officer/skipia_officer_damage1.msa:3; share/conf/mob_proto.txt:358; share/conf/mob_proto.txt:362; share/conf/mob_proto.txt:366; share/conf/mob_proto.txt:370; share/locale/english/map/metin2_map_skipia_dungeon_01/regen.txt:645; share/locale/english/map/metin2_map_skipia_dungeon_01/regen.txt:647; share/locale/english/map/metin2_map_skipia_dungeon_01/regen.txt:653; share/locale/english/map/metin2_map_skipia_dungeon_01/regen.txt:660; share/locale/english/map/metin2_map_skipia_dungeon_01/regen.txt:662; share/locale/english/map/metin2_map_skipia_dungeon_01/regen.txt:665; share/locale/english/map/metin2_map_skipia_dungeon_01/regen.txt:667; share/locale/english/map/metin2_map_skipia_dungeon_011/regen.txt:645; share/locale/english/map/metin2_map_skipia_dungeon_011/regen.txt:647; share/locale/english/map/metin2_map_skipia_dungeon_011/regen.txt:653; share/locale/english/map/metin2_map_skipia_dungeon_011/regen.txt:660; share/locale/english/map/metin2_map_skipia_dungeon_011/regen.txt:662; share/locale/english/map/metin2_map_skipia_dungeon_011/regen.txt:665; share/locale/english/map/metin2_map_skipia_dungeon_011/regen.txt:667; share/locale/english/map/metin2_map_skipia_dungeon_02/regen.txt:187; share/locale/english/map/metin2_map_skipia_dungeon_02/regen.txt:190; share/locale/english/map/metin2_map_skipia_dungeon_02/regen.txt:191; share/locale/english/map/metin2_map_skipia_dungeon_02/regen.txt:193; share/locale/english/map/metin2_map_skipia_dungeon_02/regen.txt:195; share/locale/english/map/metin2_map_skipia_dungeon_02/regen.txt:200; share/locale/english/map/metin2_map_skipia_dungeon_02/regen.txt:201,0,1,unresolved; do not declare unused or safe to remove
season1/season1/monster/ch_officer/skipia_officer_front_standup.gr2,mob model/animation,unknown - no complete active reference chain proved,malformed,duplicate/empty track target,2404;2414;2434;2454,season1/season1/monster/ch_officer/skipia_officer_standup.msa:3; season1/season1/monster/ch_officer/skipia_officer_front_standup.msa:3; share/conf/mob_proto.txt:358; share/conf/mob_proto.txt:362; share/conf/mob_proto.txt:366; share/conf/mob_proto.txt:370; share/locale/english/map/metin2_map_skipia_dungeon_01/regen.txt:645; share/locale/english/map/metin2_map_skipia_dungeon_01/regen.txt:647; share/locale/english/map/metin2_map_skipia_dungeon_01/regen.txt:653; share/locale/english/map/metin2_map_skipia_dungeon_01/regen.txt:660; share/locale/english/map/metin2_map_skipia_dungeon_01/regen.txt:662; share/locale/english/map/metin2_map_skipia_dungeon_01/regen.txt:665; share/locale/english/map/metin2_map_skipia_dungeon_01/regen.txt:667; share/locale/english/map/metin2_map_skipia_dungeon_011/regen.txt:645; share/locale/english/map/metin2_map_skipia_dungeon_011/regen.txt:647; share/locale/english/map/metin2_map_skipia_dungeon_011/regen.txt:653; share/locale/english/map/metin2_map_skipia_dungeon_011/regen.txt:660; share/locale/english/map/metin2_map_skipia_dungeon_011/regen.txt:662; share/locale/english/map/metin2_map_skipia_dungeon_011/regen.txt:665; share/locale/english/map/metin2_map_skipia_dungeon_011/regen.txt:667; share/locale/english/map/metin2_map_skipia_dungeon_02/regen.txt:187; share/locale/english/map/metin2_map_skipia_dungeon_02/regen.txt:190; share/locale/english/map/metin2_map_skipia_dungeon_02/regen.txt:191; share/locale/english/map/metin2_map_skipia_dungeon_02/regen.txt:193; share/locale/english/map/metin2_map_skipia_dungeon_02/regen.txt:195; share/locale/english/map/metin2_map_skipia_dungeon_02/regen.txt:200; share/locale/english/map/metin2_map_skipia_dungeon_02/regen.txt:201,0,1,unresolved; do not declare unused or safe to remove
season1/season1/monster/ch_officer/skipia_officer_run.gr2,mob model/animation,unknown - no complete active reference chain proved,malformed,duplicate/empty track target,2404;2414;2434;2454,season1/season1/monster/ch_officer/skipia_officer_run.msa:3; share/conf/mob_proto.txt:358; share/conf/mob_proto.txt:362; share/conf/mob_proto.txt:366; share/conf/mob_proto.txt:370; share/locale/english/map/metin2_map_skipia_dungeon_01/regen.txt:645; share/locale/english/map/metin2_map_skipia_dungeon_01/regen.txt:647; share/locale/english/map/metin2_map_skipia_dungeon_01/regen.txt:653; share/locale/english/map/metin2_map_skipia_dungeon_01/regen.txt:660; share/locale/english/map/metin2_map_skipia_dungeon_01/regen.txt:662; share/locale/english/map/metin2_map_skipia_dungeon_01/regen.txt:665; share/locale/english/map/metin2_map_skipia_dungeon_01/regen.txt:667; share/locale/english/map/metin2_map_skipia_dungeon_011/regen.txt:645; share/locale/english/map/metin2_map_skipia_dungeon_011/regen.txt:647; share/locale/english/map/metin2_map_skipia_dungeon_011/regen.txt:653; share/locale/english/map/metin2_map_skipia_dungeon_011/regen.txt:660; share/locale/english/map/metin2_map_skipia_dungeon_011/regen.txt:662; share/locale/english/map/metin2_map_skipia_dungeon_011/regen.txt:665; share/locale/english/map/metin2_map_skipia_dungeon_011/regen.txt:667; share/locale/english/map/metin2_map_skipia_dungeon_02/regen.txt:187; share/locale/english/map/metin2_map_skipia_dungeon_02/regen.txt:190; share/locale/english/map/metin2_map_skipia_dungeon_02/regen.txt:191; share/locale/english/map/metin2_map_skipia_dungeon_02/regen.txt:193; share/locale/english/map/metin2_map_skipia_dungeon_02/regen.txt:195; share/locale/english/map/metin2_map_skipia_dungeon_02/regen.txt:200; share/locale/english/map/metin2_map_skipia_dungeon_02/regen.txt:201,0,1,unresolved; do not declare unused or safe to remove
season1/season1/monster/ch_officer/skipia_officer_wait.gr2,mob model/animation,unknown - no complete active reference chain proved,malformed,duplicate/empty track target,2404;2414;2434;2454,season1/season1/monster/ch_officer/skipia_officer_wait.msa:3; share/conf/mob_proto.txt:358; share/conf/mob_proto.txt:362; share/conf/mob_proto.txt:366; share/conf/mob_proto.txt:370; share/locale/english/map/metin2_map_skipia_dungeon_01/regen.txt:645; share/locale/english/map/metin2_map_skipia_dungeon_01/regen.txt:647; share/locale/english/map/metin2_map_skipia_dungeon_01/regen.txt:653; share/locale/english/map/metin2_map_skipia_dungeon_01/regen.txt:660; share/locale/english/map/metin2_map_skipia_dungeon_01/regen.txt:662; share/locale/english/map/metin2_map_skipia_dungeon_01/regen.txt:665; share/locale/english/map/metin2_map_skipia_dungeon_01/regen.txt:667; share/locale/english/map/metin2_map_skipia_dungeon_011/regen.txt:645; share/locale/english/map/metin2_map_skipia_dungeon_011/regen.txt:647; share/locale/english/map/metin2_map_skipia_dungeon_011/regen.txt:653; share/locale/english/map/metin2_map_skipia_dungeon_011/regen.txt:660; share/locale/english/map/metin2_map_skipia_dungeon_011/regen.txt:662; share/locale/english/map/metin2_map_skipia_dungeon_011/regen.txt:665; share/locale/english/map/metin2_map_skipia_dungeon_011/regen.txt:667; share/locale/english/map/metin2_map_skipia_dungeon_02/regen.txt:187; share/locale/english/map/metin2_map_skipia_dungeon_02/regen.txt:190; share/locale/english/map/metin2_map_skipia_dungeon_02/regen.txt:191; share/locale/english/map/metin2_map_skipia_dungeon_02/regen.txt:193; share/locale/english/map/metin2_map_skipia_dungeon_02/regen.txt:195; share/locale/english/map/metin2_map_skipia_dungeon_02/regen.txt:200; share/locale/english/map/metin2_map_skipia_dungeon_02/regen.txt:201,0,1,unresolved; do not declare unused or safe to remove
season1/season1/monster/ch_officer/skipia_officer_wait1.gr2,mob model/animation,unknown - no complete active reference chain proved,malformed,duplicate/empty track target,2404;2414;2434;2454,season1/season1/monster/ch_officer/skipia_officer_wait1.msa:3; share/conf/mob_proto.txt:358; share/conf/mob_proto.txt:362; share/conf/mob_proto.txt:366; share/conf/mob_proto.txt:370; share/locale/english/map/metin2_map_skipia_dungeon_01/regen.txt:645; share/locale/english/map/metin2_map_skipia_dungeon_01/regen.txt:647; share/locale/english/map/metin2_map_skipia_dungeon_01/regen.txt:653; share/locale/english/map/metin2_map_skipia_dungeon_01/regen.txt:660; share/locale/english/map/metin2_map_skipia_dungeon_01/regen.txt:662; share/locale/english/map/metin2_map_skipia_dungeon_01/regen.txt:665; share/locale/english/map/metin2_map_skipia_dungeon_01/regen.txt:667; share/locale/english/map/metin2_map_skipia_dungeon_011/regen.txt:645; share/locale/english/map/metin2_map_skipia_dungeon_011/regen.txt:647; share/locale/english/map/metin2_map_skipia_dungeon_011/regen.txt:653; share/locale/english/map/metin2_map_skipia_dungeon_011/regen.txt:660; share/locale/english/map/metin2_map_skipia_dungeon_011/regen.txt:662; share/locale/english/map/metin2_map_skipia_dungeon_011/regen.txt:665; share/locale/english/map/metin2_map_skipia_dungeon_011/regen.txt:667; share/locale/english/map/metin2_map_skipia_dungeon_02/regen.txt:187; share/locale/english/map/metin2_map_skipia_dungeon_02/regen.txt:190; share/locale/english/map/metin2_map_skipia_dungeon_02/regen.txt:191; share/locale/english/map/metin2_map_skipia_dungeon_02/regen.txt:193; share/locale/english/map/metin2_map_skipia_dungeon_02/regen.txt:195; share/locale/english/map/metin2_map_skipia_dungeon_02/regen.txt:200; share/locale/english/map/metin2_map_skipia_dungeon_02/regen.txt:201,0,1,unresolved; do not declare unused or safe to remove
season1/season1/pc/assassin/assassin.gr2,player model,unknown - no complete active reference chain proved,unsupported curve/type,runtime skeleton: skeleton requires exactly one connected root,,,0,1,unresolved; do not declare unused or safe to remove
season2/season2/monster/ch_officer/skipia_officer.gr2,mob model/animation,unknown - no complete active reference chain proved,malformed,skeleton: bone names must be nonempty and unique,2404;2414;2434;2454,season2/season2/monster/ch_officer/shape.msm:3; season2/season2/monster/ch_officer/officer.msm:3; share/conf/mob_proto.txt:358; share/conf/mob_proto.txt:362; share/conf/mob_proto.txt:366; share/conf/mob_proto.txt:370; share/locale/english/map/metin2_map_skipia_dungeon_01/regen.txt:645; share/locale/english/map/metin2_map_skipia_dungeon_01/regen.txt:647; share/locale/english/map/metin2_map_skipia_dungeon_01/regen.txt:653; share/locale/english/map/metin2_map_skipia_dungeon_01/regen.txt:660; share/locale/english/map/metin2_map_skipia_dungeon_01/regen.txt:662; share/locale/english/map/metin2_map_skipia_dungeon_01/regen.txt:665; share/locale/english/map/metin2_map_skipia_dungeon_01/regen.txt:667; share/locale/english/map/metin2_map_skipia_dungeon_011/regen.txt:645; share/locale/english/map/metin2_map_skipia_dungeon_011/regen.txt:647; share/locale/english/map/metin2_map_skipia_dungeon_011/regen.txt:653; share/locale/english/map/metin2_map_skipia_dungeon_011/regen.txt:660; share/locale/english/map/metin2_map_skipia_dungeon_011/regen.txt:662; share/locale/english/map/metin2_map_skipia_dungeon_011/regen.txt:665; share/locale/english/map/metin2_map_skipia_dungeon_011/regen.txt:667; share/locale/english/map/metin2_map_skipia_dungeon_02/regen.txt:187; share/locale/english/map/metin2_map_skipia_dungeon_02/regen.txt:190; share/locale/english/map/metin2_map_skipia_dungeon_02/regen.txt:191; share/locale/english/map/metin2_map_skipia_dungeon_02/regen.txt:193; share/locale/english/map/metin2_map_skipia_dungeon_02/regen.txt:195; share/locale/english/map/metin2_map_skipia_dungeon_02/regen.txt:200; share/locale/english/map/metin2_map_skipia_dungeon_02/regen.txt:201,0,1,unresolved; do not declare unused or safe to remove
season2/season2/monster/ch_officer/skipia_officer_back_dead.gr2,mob model/animation,unknown - no complete active reference chain proved,malformed,duplicate/empty track target,2404;2414;2434;2454,season2/season2/monster/ch_officer/skipia_officer_back_dead.msa:3; share/conf/mob_proto.txt:358; share/conf/mob_proto.txt:362; share/conf/mob_proto.txt:366; share/conf/mob_proto.txt:370; share/locale/english/map/metin2_map_skipia_dungeon_01/regen.txt:645; share/locale/english/map/metin2_map_skipia_dungeon_01/regen.txt:647; share/locale/english/map/metin2_map_skipia_dungeon_01/regen.txt:653; share/locale/english/map/metin2_map_skipia_dungeon_01/regen.txt:660; share/locale/english/map/metin2_map_skipia_dungeon_01/regen.txt:662; share/locale/english/map/metin2_map_skipia_dungeon_01/regen.txt:665; share/locale/english/map/metin2_map_skipia_dungeon_01/regen.txt:667; share/locale/english/map/metin2_map_skipia_dungeon_011/regen.txt:645; share/locale/english/map/metin2_map_skipia_dungeon_011/regen.txt:647; share/locale/english/map/metin2_map_skipia_dungeon_011/regen.txt:653; share/locale/english/map/metin2_map_skipia_dungeon_011/regen.txt:660; share/locale/english/map/metin2_map_skipia_dungeon_011/regen.txt:662; share/locale/english/map/metin2_map_skipia_dungeon_011/regen.txt:665; share/locale/english/map/metin2_map_skipia_dungeon_011/regen.txt:667; share/locale/english/map/metin2_map_skipia_dungeon_02/regen.txt:187; share/locale/english/map/metin2_map_skipia_dungeon_02/regen.txt:190; share/locale/english/map/metin2_map_skipia_dungeon_02/regen.txt:191; share/locale/english/map/metin2_map_skipia_dungeon_02/regen.txt:193; share/locale/english/map/metin2_map_skipia_dungeon_02/regen.txt:195; share/locale/english/map/metin2_map_skipia_dungeon_02/regen.txt:200; share/locale/english/map/metin2_map_skipia_dungeon_02/regen.txt:201,0,1,unresolved; do not declare unused or safe to remove
season2/season2/monster/ch_officer/skipia_officer_lod_01.gr2,mob model/animation,unknown - no complete active reference chain proved,malformed,skeleton: bone names must be nonempty and unique,2404;2414;2434;2454,season2/season2/monster/ch_officer/shape.msm:3; season2/season2/monster/ch_officer/officer.msm:3; share/conf/mob_proto.txt:358; share/conf/mob_proto.txt:362; share/conf/mob_proto.txt:366; share/conf/mob_proto.txt:370; share/locale/english/map/metin2_map_skipia_dungeon_01/regen.txt:645; share/locale/english/map/metin2_map_skipia_dungeon_01/regen.txt:647; share/locale/english/map/metin2_map_skipia_dungeon_01/regen.txt:653; share/locale/english/map/metin2_map_skipia_dungeon_01/regen.txt:660; share/locale/english/map/metin2_map_skipia_dungeon_01/regen.txt:662; share/locale/english/map/metin2_map_skipia_dungeon_01/regen.txt:665; share/locale/english/map/metin2_map_skipia_dungeon_01/regen.txt:667; share/locale/english/map/metin2_map_skipia_dungeon_011/regen.txt:645; share/locale/english/map/metin2_map_skipia_dungeon_011/regen.txt:647; share/locale/english/map/metin2_map_skipia_dungeon_011/regen.txt:653; share/locale/english/map/metin2_map_skipia_dungeon_011/regen.txt:660; share/locale/english/map/metin2_map_skipia_dungeon_011/regen.txt:662; share/locale/english/map/metin2_map_skipia_dungeon_011/regen.txt:665; share/locale/english/map/metin2_map_skipia_dungeon_011/regen.txt:667; share/locale/english/map/metin2_map_skipia_dungeon_02/regen.txt:187; share/locale/english/map/metin2_map_skipia_dungeon_02/regen.txt:190; share/locale/english/map/metin2_map_skipia_dungeon_02/regen.txt:191; share/locale/english/map/metin2_map_skipia_dungeon_02/regen.txt:193; share/locale/english/map/metin2_map_skipia_dungeon_02/regen.txt:195; share/locale/english/map/metin2_map_skipia_dungeon_02/regen.txt:200; share/locale/english/map/metin2_map_skipia_dungeon_02/regen.txt:201,0,1,unresolved; do not declare unused or safe to remove
season3_eu/ymir work/monster2/ch_officer/37.gr2,mob model/animation,yes - registered client configuration,malformed,duplicate/empty track target,2404;2414;2434;2454,season3_eu/ymir work/monster2/ch_officer/37.msa:3; share/conf/mob_proto.txt:358; share/conf/mob_proto.txt:362; share/conf/mob_proto.txt:366; share/conf/mob_proto.txt:370; share/locale/english/map/metin2_map_skipia_dungeon_01/regen.txt:645; share/locale/english/map/metin2_map_skipia_dungeon_01/regen.txt:647; share/locale/english/map/metin2_map_skipia_dungeon_01/regen.txt:653; share/locale/english/map/metin2_map_skipia_dungeon_01/regen.txt:660; share/locale/english/map/metin2_map_skipia_dungeon_01/regen.txt:662; share/locale/english/map/metin2_map_skipia_dungeon_01/regen.txt:665; share/locale/english/map/metin2_map_skipia_dungeon_01/regen.txt:667; share/locale/english/map/metin2_map_skipia_dungeon_011/regen.txt:645; share/locale/english/map/metin2_map_skipia_dungeon_011/regen.txt:647; share/locale/english/map/metin2_map_skipia_dungeon_011/regen.txt:653; share/locale/english/map/metin2_map_skipia_dungeon_011/regen.txt:660; share/locale/english/map/metin2_map_skipia_dungeon_011/regen.txt:662; share/locale/english/map/metin2_map_skipia_dungeon_011/regen.txt:665; share/locale/english/map/metin2_map_skipia_dungeon_011/regen.txt:667; share/locale/english/map/metin2_map_skipia_dungeon_02/regen.txt:187; share/locale/english/map/metin2_map_skipia_dungeon_02/regen.txt:190; share/locale/english/map/metin2_map_skipia_dungeon_02/regen.txt:191; share/locale/english/map/metin2_map_skipia_dungeon_02/regen.txt:193; share/locale/english/map/metin2_map_skipia_dungeon_02/regen.txt:195; share/locale/english/map/metin2_map_skipia_dungeon_02/regen.txt:200; share/locale/english/map/metin2_map_skipia_dungeon_02/regen.txt:201,0,1,BLOCK migration; implement and verify native semantics
season3_eu/ymir work/monster2/ch_officer/skipia_officer.gr2,mob model/animation,yes - registered client configuration,malformed,skeleton: bone names must be nonempty and unique,2404;2414;2434;2454,season3_eu/ymir work/monster2/ch_officer/shape.msm:3; season3_eu/ymir work/monster2/ch_officer/ch_officer.msm:3; share/conf/mob_proto.txt:358; share/conf/mob_proto.txt:362; share/conf/mob_proto.txt:366; share/conf/mob_proto.txt:370; share/locale/english/map/metin2_map_skipia_dungeon_01/regen.txt:645; share/locale/english/map/metin2_map_skipia_dungeon_01/regen.txt:647; share/locale/english/map/metin2_map_skipia_dungeon_01/regen.txt:653; share/locale/english/map/metin2_map_skipia_dungeon_01/regen.txt:660; share/locale/english/map/metin2_map_skipia_dungeon_01/regen.txt:662; share/locale/english/map/metin2_map_skipia_dungeon_01/regen.txt:665; share/locale/english/map/metin2_map_skipia_dungeon_01/regen.txt:667; share/locale/english/map/metin2_map_skipia_dungeon_011/regen.txt:645; share/locale/english/map/metin2_map_skipia_dungeon_011/regen.txt:647; share/locale/english/map/metin2_map_skipia_dungeon_011/regen.txt:653; share/locale/english/map/metin2_map_skipia_dungeon_011/regen.txt:660; share/locale/english/map/metin2_map_skipia_dungeon_011/regen.txt:662; share/locale/english/map/metin2_map_skipia_dungeon_011/regen.txt:665; share/locale/english/map/metin2_map_skipia_dungeon_011/regen.txt:667; share/locale/english/map/metin2_map_skipia_dungeon_02/regen.txt:187; share/locale/english/map/metin2_map_skipia_dungeon_02/regen.txt:190; share/locale/english/map/metin2_map_skipia_dungeon_02/regen.txt:191; share/locale/english/map/metin2_map_skipia_dungeon_02/regen.txt:193; share/locale/english/map/metin2_map_skipia_dungeon_02/regen.txt:195; share/locale/english/map/metin2_map_skipia_dungeon_02/regen.txt:200; share/locale/english/map/metin2_map_skipia_dungeon_02/regen.txt:201,0,1,BLOCK migration; implement and verify native semantics
season3_eu/ymir work/monster2/ch_officer/skipia_officer_lod_01.gr2,mob model/animation,yes - registered client configuration,malformed,skeleton: bone names must be nonempty and unique,2404;2414;2434;2454,season3_eu/ymir work/monster2/ch_officer/shape.msm:3; season3_eu/ymir work/monster2/ch_officer/ch_officer.msm:3; share/conf/mob_proto.txt:358; share/conf/mob_proto.txt:362; share/conf/mob_proto.txt:366; share/conf/mob_proto.txt:370; share/locale/english/map/metin2_map_skipia_dungeon_01/regen.txt:645; share/locale/english/map/metin2_map_skipia_dungeon_01/regen.txt:647; share/locale/english/map/metin2_map_skipia_dungeon_01/regen.txt:653; share/locale/english/map/metin2_map_skipia_dungeon_01/regen.txt:660; share/locale/english/map/metin2_map_skipia_dungeon_01/regen.txt:662; share/locale/english/map/metin2_map_skipia_dungeon_01/regen.txt:665; share/locale/english/map/metin2_map_skipia_dungeon_01/regen.txt:667; share/locale/english/map/metin2_map_skipia_dungeon_011/regen.txt:645; share/locale/english/map/metin2_map_skipia_dungeon_011/regen.txt:647; share/locale/english/map/metin2_map_skipia_dungeon_011/regen.txt:653; share/locale/english/map/metin2_map_skipia_dungeon_011/regen.txt:660; share/locale/english/map/metin2_map_skipia_dungeon_011/regen.txt:662; share/locale/english/map/metin2_map_skipia_dungeon_011/regen.txt:665; share/locale/english/map/metin2_map_skipia_dungeon_011/regen.txt:667; share/locale/english/map/metin2_map_skipia_dungeon_02/regen.txt:187; share/locale/english/map/metin2_map_skipia_dungeon_02/regen.txt:190; share/locale/english/map/metin2_map_skipia_dungeon_02/regen.txt:191; share/locale/english/map/metin2_map_skipia_dungeon_02/regen.txt:193; share/locale/english/map/metin2_map_skipia_dungeon_02/regen.txt:195; share/locale/english/map/metin2_map_skipia_dungeon_02/regen.txt:200; share/locale/english/map/metin2_map_skipia_dungeon_02/regen.txt:201,0,1,BLOCK migration; implement and verify native semantics
season3_eu/ymir work/zone/dungeon/haven_dungeon/skipia_boss.gr2,dungeon building/blocker,no - rejected raw bytes not selected by production packs,malformed,declared file size differs from input,,Property/property/thief_dungeon/haven_dungeon/skipia_boss.prd:3,1,1,raw size-invalid copy; selected packed replacement is native-readable; keep raw rejection
season3_eu/ymir work/zone/dungeon/haven_dungeon/skipia_passc.gr2,dungeon building/blocker,no - rejected raw bytes not selected by production packs,malformed,declared file size differs from input,,Property/property/thief_dungeon/haven_dungeon/skipia_passc.prd:3,1,1,raw size-invalid copy; selected packed replacement is native-readable; keep raw rejection
season3_eu/ymir work/zone/dungeon/haven_dungeon/skipia_passl.gr2,dungeon building/blocker,no - rejected raw bytes not selected by production packs,malformed,declared file size differs from input,,Property/property/thief_dungeon/haven_dungeon/skipia_passl.prd:3,1,1,raw size-invalid copy; selected packed replacement is native-readable; keep raw rejection
season3_eu/ymir work/zone/dungeon/haven_dungeon/skipia_passp.gr2,dungeon building/blocker,no - rejected raw bytes not selected by production packs,malformed,declared file size differs from input,,Property/property/thief_dungeon/haven_dungeon/skipia_passp.prd:3,1,1,raw size-invalid copy; selected packed replacement is native-readable; keep raw rejection
season3_eu/ymir work/zone/dungeon/haven_dungeon/skipia_passt.gr2,dungeon building/blocker,no - rejected raw bytes not selected by production packs,malformed,declared file size differs from input,,Property/property/thief_dungeon/haven_dungeon/skipia_passt.prd:3,1,1,raw size-invalid copy; selected packed replacement is native-readable; keep raw rejection
